??????,???????,???????,??? ??????
 ???? ???? ?????,????,??? ????? ???? ???? ?? ?????? ,64162092
???? ???? ????? ,???? ,??? ?????  ???? ???? ?????? ,785578066
 ???? ????? ? ??????? ?????,????,??? ????? ???? ????? ??? ???? ??? ??? ???????,786655520
 ???? ?????? ?????,????,??? ???? ???? ???? ??? ????? ,799862987
 ???? ?????? ?????? ??????? ??????,????,??????  ???? ??????,795410947
???? ??????? ?????,????,?????? ???? ?????? ??????????,786363222
 ???? ????? ????? ???????,????,????? ?????? ???? ????? ,64394433
 ????? ????? ?????? ??????,????,??????? ???? ???? ?????? 90,65165568
 ???????? ????????,????,?????? ?????? ??????? ,797283253
 ?????? ????????? ??????,????,????????? ???? ??? ?????? ??? ????? ??????? ????,797832034
 ???? ??? ?????,????,????????? ???? ??????? ? ????????? ,64395557
 ???? ?????? ?????,????,?????? ????? ?????? ????? 66,65694294
 ???? ????? ?????,????,???????? ???? ??? ????? 48,64203914
 ???? ??????? ??? ?????,????,???????? ???? ???? ????????? ,790758989
 ???? ??? ??????? ?????,????,?? ?????? ???? ??????? ??????? ???? ??????,790933984
 ???? ?????? ?????,????,????? ????? ???? ??? ?? ???? ,64120363
 ???? ?????? ????? - ???? ??? ?????,????,????? ????? ?????? ??????? ,64121020
 ???? ??????? ?????,????,????? ????? ???? ????? ?????? ??? ,64122222
 ???? ???? ?????,????,????? ????? ???? ???? ?? ???? ,64123331
 ???? ???? ?????? ?????,????,???? ???? ???? ?? ???? 7,65344451
 ???? ????? ?????? ?????,????,???? ???? ???? ???? 210,65560088
 ???? ???? ??????? ?????  - ???????,????,???? ???? ???? ???? 185,64162092
 ???? ????? ???? ??? ???,????,????  ???? ?????? ???? ??????,64029353
 ???? ?????? ?????,????,?????? ???? ???? ,65055130
?????? ????? ? ?????? ?????,????,?????? ??? ???? ???? ???????,797059769
 ???? ??? ???? ?????,????,????? ???? ????????? 6,65927501
 ???? ??????? ???? ??? ??????,????,????? ???? ?????? ??? ?????,65804444
 ???? ???? ?????,????,????? ???? ???????? 22,65930443
 ???? ?????? ??????? ?????? - ?????? ????????,????,????? ?????? ?????? ??????? ,65009000
 ???? ????? ?????,????,??? ?????? ???? ????? ,770041412
 ???? ???? ???? ?????,????,??? ?????? ???? ?????,65733607
 ???? ?????? ???? ??? ??????,????,??? ?????? ???? ????? ,65735103
 ???? ?? ???????? ?????,????,????? ?? ???????? ,779438282
 ?????? ???? ??????,????,????? ?????? ??????? ,65726877
 ????? ???? ????? ?????? ??????? ? ????? ???????,????,???? ???? ??????? ???? ????,64398883
 ???? ????? ???? ??? ???,????,????  ???? ?????? ???? ??????,64029353
 ???? ?????? ?????,????,????? ????? ???? ??? ?? ???? ,64120363
 ???? ????? ????? ???????,????,????? ?????? ???? ????? ,64394433
 ???? ??????? ??? ?????,????,???????? ???? ???? ????????? ,790758989
 ???? ???? ?????,????,??? ????? ???? ???? ?? ?????? ,64162092
 ???? ????? ?????,????,???????? ???? ??? ????? 48,64203914
 ???? ??? ?????,????,????????? ???? ??????? ? ????????? ,64395557
 ???? ???? ?????? ?????,???????,????? ?????? ??????? ??? ???? ???????,795489626
 ???? ???? ?????? ?????,???????,?????? ???? ????? ??? ???? ,779726622
 ???? ???? ?????? ?????,???????,?????? ???? ????? ??? ???? ,779726622
 ???? ???? ?????? ?????,???????,????? ?????? ??????? ??? ???? ???????,795489626
???? ????? ?????? ?????,???????,????? ???? ?????? ?????,777766631
 ?????? ???????? ???? ??????? ?????,???????,??????? ????? ????? ,795202131
 ???? ??????? ?????,????,???? ???? ???? ,27275902
 ???? ??? ???? ????? ?????????,????,???? ???? ????? ,27101110
 ???? ??????? ??????? ?????? - ????,????,???? ???? ???? ???? ,793334455
 ?????? ??????? ???????? ??????,?????,????? ??? ??????? ,799044008
 ???? ?????? ????? - ?????,?????,????? ???? ,775499919
 ???? ?????? ?????,?????,????? ?????? ???? ????? ?????,32386688
 ???? ??? ?????? ?????,?????,????? ?????? ??????? ,782596394
 ???? ????? ?????,?????,????? ????? ,792572686
 ???? ??????? ?????,?????,?????  ??????,32313030
 ???? ?????? ?????,?????,???? ??????? ,32310500
 ???? ?????? ?????,?????,???? ??????? ,32310500
 ???? ????? ?????,?????,????? ????? ,792572686
 ???? ??? ?????? ?????,?????,????? ?????? ??????? ,782596394
 ???????? ??????? ????????,???????,??????? ??? ????? ,32240005
 ???? ???? ???????? ???????,???????,??????? ?????? ??????? ,772075274
 ???? ???? ????? ???????,????,???? ???? ????? ?????? ,770501919
 ???? ???? ????? ???????,????,???? ???? ????? ?????? ,770501919
 ???? ????? ?????,??????,?????? ???? ??????? ??? ,32035545
